id	date_rel	likes	comments	views	title
amNAZ54XI3753Qr_	1 день назад	59	229	778	Лицемерная помощь
amBnHgYXimDklPQ2	3 дня назад	373	352	55,5 тыс	Этикет дачных подарков: что привозить в гости, а что считается дурным тоном
al8raagD2mhnylLg	4 дня назад	75	92	1193	Искусство быть петербуржцем
al3L8m2OmVwkkSDE	5 дней назад	11	8	282	Светская жизнь Петербурга: 20-26 июля
aloT6o2KvArIhQNY	1 неделя назад	77	66	2130	Дачный этикет детей: что родители должны объяснить еще до поездки за город
alc1KXzQxXyhR2kf	1 неделя назад	49	80	557	Этикет общения в мессенджерах
alXz8gd_3DMZ3Z5F	1 неделя назад	3743	2144	586,9 тыс	Как вежливо отказать соседу на даче
alStVNyHwzXz0_Mx	1 неделя назад	21	7	493	Светская жизнь Петербурга: 13-19 июля
akzpqyOv53kXCcMd	2 недели назад	79	106	1399	Нормально ли не любить театр?
akzo6V5yujEl94r3	2 недели назад	57	109	1166	Как элегантно раздеться в городе, чтобы позагорать
akzH0rq5zUfOVd3c	2 недели назад	1452	735	106,8 тыс	Можно ли не дружить с соседями
akrcnys2uClQeWoE	2 недели назад	28	23	658	Светская жизнь Петербурга: 6-12 июля
akbfmF7CZx2XCt3P	3 недели назад	162	115	3836	«Сорри за войс» - этикет в мессенджерах
akQE2xf3rEh7oQZE	3 недели назад	4810	1825	1,26 млн	Когда супруга перестает быть женой
akLcQYv8FxUpa0Go	3 недели назад	93	47	4449	Дачные долги или шуруповерт «до завтра»
akGRj0fTz2tItGBd	3 недели назад	24	28	520	Светская жизнь Петербурга: 29 июня – 5 июля
akDu5TCGXEapFeJr	3 недели назад	88	48	1904	Этикет за самоваром: чему нас до сих пор учат Маковские
aj2meNm1f22KkiBP	4 недели назад	35	72	515	Как не потерять лицо в битве за борщевик (и любые джунгли)
ajuUZKoxTFgOL9Gx	1 месяц назад	100	82	2812	Истерика в ресторане – это манипуляция или глупость?
ajpk-K0krnWGH5gb	1 месяц назад	724	702	110,1 тыс	Кто оплачивает пикник?
ajjyBmZb9gcrtplw	1 месяц назад	29	22	2085	Светская жизнь Петербурга: 22-28 июня
ajT90V6_NRnsn0wB	1 месяц назад	120	88	2097	Нужно ли извиняться, если ты прав
ajJipQuleHEBRE-p	1 месяц назад	168	170	5405	Этикет в автобусе
ajEK4pcBHkuU0IEi	1 месяц назад	112	100	1730	Дачный этикет умер?
ai-foDL8mQ8zbOCb	1 месяц назад	19	77	595	Светская жизнь Петербурга: 15-21 июня
aiqLc0A_4S9Ls_MJ	1 месяц назад	138	213	2047	Нормально ли не любить классику
aiqK5GUUUVl564Rk	1 месяц назад	1430	752	103,3 тыс	5 вещей на даче, которые воспитанные люди никогда не делают
aip_6DL8mQ8z9HJU	1 месяц назад	1653	646	115 тыс	Ошибки, которые сразу выдают человека не из светской среды
aikMe8J06Vr6R2xU	1 месяц назад	108	87	1295	Можно ли плакать на публике?
aifKwEUFUUAtJkMq	1 месяц назад	1675	535	121,5 тыс	Новый ресторанный этикет: что уже считается дурным тоном
aiaG4T6een5n4T7m	1 месяц назад	20	47	1674	Светская жизнь Петербурга: 8-14 июня
aiH7A_BguAKNkCw3	1 месяц назад	67	141	1111	Как одеться элегантно по этикету
aiH6RdvRtlpzMuiD	1 месяц назад	500	92	27,6 тыс	Как задавать вопросы, чтобы с вами хотели продолжать разговор
aiFaAqHaDiuGVQF1	1 месяц назад	481	806	163,5 тыс	Соседи против шашлычников
ah4L4t5zYCQcM4Fh	1 месяц назад	59	62	640	Почему я перечитываю «Евгения Онегина» во взрослом возрасте
ah4M1bVbc0I9S3vH	1 месяц назад	126	144	9770	«Письмо матери» Есенина: стихотворение, которое учит самому сложному
ah4MXqLCa2yf6k-7	1 месяц назад	24	20	378	Русский императив: выставка, о которой все говорят
ah02ElYv2THXYTqz	1 месяц назад	116	22	907	Светская жизнь Петербурга: 1-7 июня
ahiqmYYhXg2e11n3	1 месяц назад	35	27	392	Святой Пантелеймон
ahimmF1C3CkfOwNw	1 месяц назад	551	137	32,7 тыс	Этикет чувств: чему учит стихотворение Ахматовой спустя сто лет
ahcJaOnbLRYi-w3X	1 месяц назад	62	56	999	Как превратить культурный выход в полезное знакомство
ahYZIIOcsEtPT5et	1 месяц назад	23	45	1073	Цифровая этика в школе
ahS05q1x5CEbViYf	2 месяца назад	131	59	2892	Как поддержать small talk на ужине, открытии или премьере
ahPXAMVpFArhHf-M	2 месяца назад	76	32	179	Светская жизнь Петербурга: 25-31 мая
ahA4DQvsoEor26m-	2 месяца назад	67	36	1540	Как выдержать войну за дачные границы
ag7DwoUCaHS7w11v	2 месяца назад	289	145	26,3 тыс	Гид по фруктовому этикету
ag7B4-O-zQv8V8wW	2 месяца назад	22	176		5 ice breakers для светского вечера
ag1AIhmgYyNymPml	2 месяца назад	256	122	5170	Как выключить музыку у соседей и не испортить отношения
agwa1VAwsxJ5PhpW	2 месяца назад	191	4376		Как поддержать разговор об искусстве, даже если вы не искусствовед
agnGsD3LoXbDg4sW	2 месяца назад	237	48	237	Светская жизнь Петербурга: 18 – 24 мая
agZSKqYvRgQGhiFE	2 месяца назад	802	242	31,6 тыс	3 правила изящной речи
agXVXXoXbFeoa_lG	2 месяца назад	291	129	5092	Топ-5 правил этикета в общении с семьей
agOIEVcMLUTZU-_V	2 месяца назад	4	39		Застольный этикет: финальная глава
agOlYHYwoUuAAlXt	2 месяца назад	5408	1621	392,4 тыс	Этикет в гостях с ночевкой на даче
agMOnBUVayfxNRuy	2 месяца назад	7	112		Как элегантно сидеть за столом
agC5QxurzSFfIIpt	2 месяца назад	643	111	32 тыс	5 правил повседневной элегантности
af6KChUVayfxLJWH	2 месяца назад	1253	486	176,8 тыс	5 обидных для собеседника фраз
af0qnrZkMVCWNHrb	2 месяца назад	273	90	28,9 тыс	Правила деловой прически
afno_p5lPXeDNFV5	2 месяца назад	2	28		Правила передачи блюд
afnmEmZUSGn7d7cI	2 месяца назад	129	74	2144	Что мы делаем не так 9 мая
afms9qOOEmuhvH3n	2 месяца назад	1	60		Использованные столовые приборы
afhj0p5lPXeDd08m	2 месяца назад	39	114	628	Марокко: между роскошью медины и ритмом нового города
afL8ELA5TGF1-BUI	2 месяца назад	2015	696	110,6 тыс	Топ-5 антиэтикетных повседневных действий
afL7R7A5TGF19wny	2 месяца назад	66	47	1214	Принципы этикета в конфликтных ситуациях
afL3eRDUTkUEfF4Z	2 месяца назад	7	210		Правило ножа
afEkV1elrQTlcBii	2 месяца назад	19	21	252	Как празднуют 1 мая в разных странах
afBPFCZDhhBT6pTM	2 месяца назад	4	40		Сервировка BMW
ae56xltfB07NrmSP	2 месяца назад	243	111	7772	Как всегда выглядеть элегантно
aeoEIvPj-gsSD7Rc	3 месяца назад	671	926	84,4 тыс	Почему не стоит писать «Доброго времени суток»?
aeoDnN6qnR4etW9b	3 месяца назад	416	98	5624	Если вы заметили, что собеседник забыл ваше имя
aenztuqYKFqAFQRq	3 месяца назад	354	26,6 тыс		Почему чашку держат именно так
aedShKGpuVdHTTaA	3 месяца назад	279	95	9159	Вы неправильно чихаете
aedIQj26Q3cNWzMJ	3 месяца назад	3	30		Четыре зоны тарелки
aeYdNCDLDAyCs-wN	3 месяца назад	25	17	152	Повод поехать в Великий Новгород: выставка «Храмы Земли Русской» до 17 мая
aeDZCxhRvWtvPLfy	3 месяца назад	2104	875	385 тыс	Как принимать гостей в квартире
aeDT8XPZaQUZRgJD	3 месяца назад	96	125	2205	Скучать по или скучать за?
aeC5t05CWh1VO1_R	3 месяца назад	616	12,8 тыс		Шампанское с утра. Зачем?
ad4IuKZoQAPugBi4	3 месяца назад	83	50	1845	Что надеть на работу?
ad4FO2parDxnRDnJ	3 месяца назад	5	200		Что делать с косточкой?
adv1n1FRBx1VOYcB	3 месяца назад	650	221	16,6 тыс	Что делать, если ваше окружение далеко от этикета?
adfOW7WoC1JYYqLx	3 месяца назад	103	28	1973	В чем разница между русской и европейской сервировкой?
adjLb-eLjAhuW4UZ	3 месяца назад	112	49	2234	Яйца руками не разламывают
adS6EREHzQWmALh1	3 месяца назад	4	35		Тонкости обращения с овощами
adTL1ybHzz3A1OqB	3 месяца назад	202	113	15,2 тыс	Этикет в магазине одежды
adS5ADTU2GGw_dqe	3 месяца назад	5	39		Подача спиртных напитков: когда и с чем
adKd6EwmFmHWFRAQ	3 месяца назад	129	133	4844	Под землей этикет не ловит
acuf0EFZTHXQNVZP	3 месяца назад	879	606	95,4 тыс	Вежливость, которая на самом деле раздражает
acud7zbZ53_uWd5a	3 месяца назад	65	25	5931	Традиции Вербного воскресенья: как встречают этот день в семье
acuZ0LWNXww-oGSB	3 месяца назад	3	21		Десертные приборы
acuNDbWNXww-gw-G	3 месяца назад	685	142	107,7 тыс	Здрасти, соседи
acuHj00FtgrZzX2j	3 месяца назад	3	20		Аперитивы
acl0rYjgd0V2rQw2	3 месяца назад	546	495	25,8 тыс	Этикет в продуктовом магазине
acV7AlUq2x5AO-7q	3 месяца назад	3973	1799	317 тыс	Как испортить день тому, кто спит рядом
acVDN2N76kR8b9Z1	4 месяца назад	423	609	47,8 тыс	Как по этикету заказывать доставку
acUI0ojgd0V2_7NA	4 месяца назад	4	11		Тонкости обращения со специями
acJtdClRJhpL8uDJ	4 месяца назад	115	28	9584	Информационный этикет: как за 5 минут понять главные новости дня
acJbswMEx3KA-zYK	4 месяца назад	2	35		Как есть мясные блюда
acB0NS4U8Hnu3D5q	4 месяца назад	1530	232	68,2 тыс	Несколько «не» за обедом
abxVLEBvamI_EbaO	4 месяца назад	410	279	50,2 тыс	Кто платит за такси?
abxUP6-l-ziIpd_f	4 месяца назад	118	51	12,4 тыс	Как избежать неловкости из-за неправильно понятой новости
abvCwcRANHRFVcPt	4 месяца назад	3	33		Организация «сырной тарелки»
abmDTqiIbDlJMw9R	4 месяца назад	43	19	1254	Этикет веера
abf-IDkU13g2hP-b	4 месяца назад	3	31		Как изящно есть морепродукты
abbumwATVxI4XFf0	4 месяца назад	142	122	10,8 тыс	Как одеться на похороны
abU5TYERngTv-LGZ	4 месяца назад	65	22	688	Один жест сервиса, который меня покорил
abM13HxXjQcbrZHz	4 месяца назад	34	19	587	Этикет в эпоху ИИ: как вежливо общаться с человеком, если половину писем пишет нейросеть
abM0Kn-EzzOtOzPc	4 месяца назад	251	156	17,3 тыс	Топ-5 ошибок мужского образа
abJ73FDS9F2YNivf	4 месяца назад	924	74,1 тыс		Как есть мелкую «хитрую» еду
aa_s8NamUBjErJBd	4 месяца назад	891	239	45,1 тыс	Этикет без пафоса
aa_ozVTBn3O5l8PO	4 месяца назад	3	36		Тонкости лимонного этикета
aa3_jxTEGC_3N7iY	4 месяца назад	1031	220	115,3 тыс	Что делать с лимоном из чая?
aaqhjg9adGi9Y9Qh	4 месяца назад	33	8	877	Идеи подарков на 8 марта
aanv5MiGDyIfXSMa	4 месяца назад	136	47	6124	Старший брат для всех детей
aalDiB-WRwI0GK9_	4 месяца назад	3	19		Тонкости китайского столового этикета
aafuucfN2FCsVViL	4 месяца назад	92	20	1695	Когда-нибудь она станет президентом
aaVT_OVbage_Ksnu	4 месяца назад	2	32		Как сделать ужин как в ресторане
aaVdOyynFl-Iil2Y	4 месяца назад	45	51	1127	Наставничество (тьюторство) – профессия будущего
aWzCgTr96jFJd127	4 месяца назад	2191	491	164,8 тыс	Почему нож справа, а вилка слева?
aWzN1FbkQw_B5XR_	4 месяца назад	1472	658	99,2 тыс	Какие правила этикета постоянно нарушают?
aaAMMtD1lwxAw_7d	4 месяца назад	1	21		Нужны ли подставки под напитки?
aZ62vH4_rTKRHnYL	5 месяцев назад	112	305	17,8 тыс	Нужен ли дресс-код в спортзалах?
aZxFKElIGCOB8STG	5 месяцев назад	3	36		Как стильно накрыть стол за 15 минут
aZwif0lIGCOBxSj3	5 месяцев назад	991	458	67,2 тыс	Этикет для школьников
aZgbMffJsXxmzrYb	5 месяцев назад	179	218	9711	Этикет на 23 февраля
aZgY4Jfd7wnF-1_E	5 месяцев назад	42	3	580	Этикет для персонала
aZTU_Z4SYmilm8Gf	5 месяцев назад	2	67		Этикет конфет
aZTTR-pPmGftmSAb	5 месяцев назад	19	3	489	ЗимФестАмур
aZNo0NwRbkWf4-Kr	5 месяцев назад	4	146		Как подавать и есть тирамису
aZLdUD1VLRjWV1XJ	5 месяцев назад	434	186	10,9 тыс	Туалет или уборная?
aYxZfWwd009TRMEN	5 месяцев назад	56	44	1263	Этикет Дня Святого Валентина
aYxVnEdj7UchCzoM	5 месяцев назад	64	23	2387	Голосовые сообщения: минусы и плюсы
aYxQ9kr5VUjvNLzb	5 месяцев назад	3	22		Передавайте кружки правильно
aWzJZgozES5Gd8hY	5 месяцев назад	439	40	11 тыс	3 секретных сигнала хороших манер
aYmfrA-DsVg9-JIR	5 месяцев назад	801	77,3 тыс		Как есть помидоры черри
aYmeoNsSrnRGw7FE	5 месяцев назад	41	10	1746	Китайский Новый Год
aYbruKnLeEnw1uza	5 месяцев назад	92	19	5487	Масленица
aYW3j9sSrnRG5tkI	5 месяцев назад	1142	125	33,8 тыс	Наглость или забота гостей?
aYRtTLZOIQ7JSZ6t	5 месяцев назад	4	63		Мясо не всегда режется ножом
aYMXdUd6hhzgrg3Q	5 месяцев назад	1352	129	58,5 тыс	100 правил этикета
aYBlqCEWjXGlHWY7	5 месяцев назад	1	72		Сухие цветы: можно ли дарить по этикету
aYBiyHHwln_Zc_0E	5 месяцев назад	97	26	2134	Не стоит извиняться за всё подряд
aX29-VPYWVytyJOj	5 месяцев назад	3299	797	228,4 тыс	Привычка перебивать собеседника
aXx7ln7GbWT5Xrz4	5 месяцев назад	1745	424	63 тыс	Джентльмен не пропустит леди...
aXYCX2GDOTE_sQ8V	5 месяцев назад	1457	321,4 тыс		Можно ли мыть посуду при гостях
aXnn6UQ3gztGtOo8	5 месяцев назад	47	9	699	Как элегантно попросить повышение
aXX8P8_OSmXLKzM5	5 месяцев назад	7	221		С какой едой сочетать красное вино
aXdJCia1xhUefHT3	6 месяцев назад	285	97	23,9 тыс	Как пережить хамство на работе после выходных
aWzIVSghulUT0aVr	6 месяцев назад	54	30	616	Как не стать плохим гостем
aXNBfm9VMD50vRGm	6 месяцев назад	50	11	1128	Как обсуждать здоровье по этикету
aWzBC7OGi053h98m	6 месяцев назад	9	73		Этикет чаепития
aXCgeQd-jwRfE0a2	6 месяцев назад	33	19	588	Обострение хронической тупости после праздников
aWzC-Tr96jFJd_WZ	6 месяцев назад	3	223		Как отличить фарфор от фаянса
aWy4L8cb3EOls8g7	6 месяцев назад	21	13	315	Оценки за поведение введут во все школы с 1 сентября
aWFE1KXrtxvo7aSC	6 месяцев назад	299	200	11,1 тыс	Правила этикета на прогулке с собакой
aWFHcqReTmfDIRQH	6 месяцев назад	220	272	32,6 тыс	Этикет на сайте знакомств
aWFJki4rShKLAnm8	6 месяцев назад	17	2390		Можно ли приходить в гости с животными
aVFXTcNiO0Wenb5o	6 месяцев назад	1452	469	207,6 тыс	Фамилии, которые стали словами
aWFHuOPbXGBhp76S	6 месяцев назад	12	269		Где сидят хозяева, где гости: схема рассадки
aVFygNJHaSg_3Q0C	6 месяцев назад	57	28	689	Балы в Российской империи
aVFVbkPBn05vgjc4	6 месяцев назад	854	148	33,2 тыс	Не хватает только спасибо
aVFKIx51Ij69Cnoa	6 месяцев назад	3	11		Рождество: отличие в тоне и традициях
aVFTNsNiO0WemIcY	6 месяцев назад	57	6	470	Как получить 50 тысяч подписчиков за год
aVFPWW_G1yJNJ7f_	6 месяцев назад	3	17		Телефоны за новогодним столом: допустимо или моветон
aVFURaXrtxvoNxek	6 месяцев назад	184	32	9044	Как отмечали Новый год в Царской России?
aUge8XZ-RQ2si_xO	7 месяцев назад	63	8	639	Настоящие или искусственные свечи на столе?
aUgR-XCHshQPdLId	7 месяцев назад	565	133	65,6 тыс	Как сказать плохой тост
aUgGfvSpOUYBrrGU	7 месяцев назад	4	47		Можно ли чокаться стаканами с водой
aUgcEJgFnkx3fmFy	7 месяцев назад	96	20	2818	Как есть закуски за праздничным столом
aUgEwvSpOUYBrIBl	7 месяцев назад	8	74		Как создать ощущение праздника, даже если Новый год без размаха
aUmbDWS-AUd3e9HC	7 месяцев назад	48	15	1106	Винтаж как часть сервировки
aUgZHnd27B1CX7s1	7 месяцев назад	1304	243	52,7 тыс	Самый раздражающий гость, это вы?
aT6fRwl2FByv-HHt	7 месяцев назад	921	250	59,9 тыс	Когда пора уходить с новогоднего застолья
aT6hDlZvYWWH1r9D	7 месяцев назад	93	19	1911	Как не выглядеть смешно на корпоративе
aTyHaFM5SFJ7fyA-	7 месяцев назад	73	3171		Кто должен поднимать первый тост
aT6eyn4n0ROAdTLf	7 месяцев назад	1940	473	165,4 тыс	Три ошибки на новогоднем вечере
aT6MAAl2FByv4JTB	7 месяцев назад	185	3501		Отказ от алкоголя – символ неуважения
aT6SLsO1KUkt4yCD	7 месяцев назад	306	45	7484	Испорченный праздник из-за необдуманной фразы
aTWTU-G1eHUugOfm	7 месяцев назад	127	34	1624	Подарки – это коррупция
aTWW6itP0iMmaA15	7 месяцев назад	518	45	15,4 тыс	Этикет 2026: 10 новых трендов в этикете, о которых молчат книги
aTWMA16FOhETJo45	7 месяцев назад	6	51		Как дарить алкоголь
aTWYIuakUXCK2OCi	7 месяцев назад	193	4	1214	Антиэтикет: что точно не стоит делать в новогодний сезон
aTWPvOcNnTJcUWDD	7 месяцев назад	121	3755		Можно ли самому наливать себе напиток
aTWUXcENSWCgxpjn	7 месяцев назад	166	36	9257	Этикет подарков детям
aSx9uh8qOx7fGowA	7 месяцев назад	108	8	658	Этикет на ярмарке
aSyBpXmbrAsi3XR2	7 месяцев назад	599	124	57,1 тыс	Как выглядел и сколько стоил самый дорогой обед 19 века
aSyDzzkwXgUjqjtJ	7 месяцев назад	4	10		Новый год: тосты, подарки, сервировка
aSx-JYFzu2SlkiF2	7 месяцев назад	782	904	50,5 тыс	Кто такие тарелочницы
aSydCfKmoD1AQhKZ	7 месяцев назад	8	70		Как по этикету пить разные типы вин
aSyDVh8qOx7fIhr5	7 месяцев назад	95	8	1327	Этикет присутствия
aRODeXcs5C3gCBr3	7 месяцев назад	128	17	1812	Этикет знаков зодиака
aROD_akkLUv6gsIN	7 месяцев назад	56	8	546	Этикет для геймеров
aRIXARJ9amwd8dBM	8 месяцев назад	13	379		Сколько вина наливать в бокал
aROAt70LvTm_D34-	8 месяцев назад	1483	325	90,8 тыс	Подкормка без обесценивания
aRIRO33LkCngkiTq	8 месяцев назад	2	8		Цветы на Новый год: букет или еловый венок?
aRN8367auy4kChek	8 месяцев назад	305	46	9947	Как цвет посуды влияет на насыщаемость
aRIl2xOEEyd5nEGA	8 месяцев назад	397	66	18 тыс	Каким парфюмом пользовались Романовы?
aRN7VK7auy4kB6Mf	8 месяцев назад	102	81	2194	Этикет в кинотеатре
aRIJ6qQ9n3tyXain	8 месяцев назад	2	41		Сервировка новогоднего стола: классика vs современность
aRN-9Kmz3nz5gJU8	8 месяцев назад	6001	971	473,7 тыс	Можно ли сидеть за столом скрестив ноги
aRIPWmBKz1tRk704	8 месяцев назад	3	18		Как выбрать бокалы к праздничному столу: от шампанского до вина
aRNBTKi0mVFmUebi	8 месяцев назад	714	617	25,1 тыс	10 блюд, которые я бы никогда не заказала на первом свидании
aRDdMU_apUv9Jd2r	8 месяцев назад	557	173	15,9 тыс	Кто украл у России Киндер-сюрприз?
aRDc1JIAoU01ka8J	8 месяцев назад	99	32	1339	Этикет в музее
aRDhGK7auy4kdgpf	8 месяцев назад	75	996		Как правильно наливать шампанское
aRDbABuDNmQ-3bB3	8 месяцев назад	301	47	8721	Мамам не до этикета: о невидимом труде, который мы перестали замечать
aRDgP1uAlH-FjnFL	8 месяцев назад	11	113		Дарить ли алкоголь хозяевам и как правильно это сделать
aRDYcX3LkCng6XOR	8 месяцев назад	95	39	1415	Этикет пешехода
aQdR0-DTCk0jhe9D	8 месяцев назад	4051	1448	299,3 тыс	Этикет против колготок
aQdYf2PBVChkw1U1	8 месяцев назад	333	36	8107	Ссора на публике
aQdQN2waE3oHJG9Q	8 месяцев назад	2	11		Шпильки дома и пижамы на праздник: дресс-код новогоднего застолья
aQdas0In3hrfrK6R	8 месяцев назад	435	202	39,4 тыс	Этикет по разводу
aQdOpreixXl21P9p	8 месяцев назад	11	220		Как держать бокал для коньяка
aQdWgWwaE3oHKljc	8 месяцев назад	71	13	543	Этикет Дня народного единства
aP6XDE9YvyBswhkU	8 месяцев назад	258	30	9496	Как сообщить плохие новости
aP6LLRgQKHYEtKlI	8 месяцев назад	69	49	2093	Праздник иммигранта без регистрации
aP6Jqn7Wfyd5zpMV	8 месяцев назад	3	25		Этикет музыки: как подобрать фон к застолью
aP6Vr5UEeDU3IGEB	8 месяцев назад	119	59	1923	Как элегантно читать книги
aP6IICg41iLHxXNL	9 месяцев назад	6	127		Тарелки, приборы и бокалы: минимум, который должен знать каждый
aP6RKEpaNh-DAaz0	9 месяцев назад	100	55	4362	Эмодзи клоуна – оскорбление или нет
aPUsGN1zykwj4bEF	9 месяцев назад	19,5 тыс	4435	3,12 млн	Когда муж перестает быть супругом
aOlttgy_I0B8Cq7U	9 месяцев назад	94	27	1349	Этикет: ограничение или свобода?
aPUwfRT02TbIhvJU	9 месяцев назад	2551	155,6 тыс		Гость опоздал: стоит ли начинать без него
aOgJZrpZelk813MT	9 месяцев назад	112	51	7848	Этикет против каникул
aPUuqqM4ZFwLKj4e	9 месяцев назад	2221	109,9 тыс		Что подарить хозяевам застолья: универсальные и провальные варианты
aPUew01QU0fLSqrx	9 месяцев назад	279	43	7227	Этикет для соседей
aOgsq-euIUGEi993	9 месяцев назад	1743	490	53 тыс	Этикет в театре
aOguvSDO-AAgyiCU	9 месяцев назад	232	101	6591	Этикет детей за праздничным столом: как воспитать маленького гостя
aOgggeeuIUGEhPtD	9 месяцев назад	38	843		Правда ли, что вилка всегда в левой руке? Разбираем мифы о столовом этикете
aOgEYY6Y4RdqhhXt	9 месяцев назад	155	55	5259	Этикет в пробке
aOgfXvugKG_zYjIF	9 месяцев назад	3	359		Можно ли поднимать тост, если в бокале пусто?
aOwReLTRIGsACreP	9 месяцев назад	559	82	47,7 тыс	Застольный этикет
aN_2iElTMVR5rqo1	9 месяцев назад	1234	582	126,4 тыс	Этикет против каблуков
aN_8iRPpYgxq59Y-	9 месяцев назад	989	41	104,7 тыс	Она нарушила королевский протокол
aN_87ssatk5WX0qP	9 месяцев назад	5	179		Как выйти из-за стола, если вы захотели покурить
aN_2324YXxuu8Jxt	9 месяцев назад	6379	1613	573,7 тыс	Как оскорбить человека не сказав ни слова
aN_3rREwIQyTWxY8	9 месяцев назад	16	457		Можно ли пить вино со льдом?
aNhTLUth3lPbN0sp	9 месяцев назад	170	63	3023	Как нарушить этикет не нарушая
aM9E3zFtF3VBGk-P	9 месяцев назад	262	55	9656	Семейный этикет
aNgkLfVNu1LQZE_-	9 месяцев назад	267	176	13 тыс	Аватар против карьеры
aNhaRvflPnkNQVsp	9 месяцев назад	3	32		Нужно ли использовать все приборы на домашнем застолье
aNg7E3yHBhwwX-u8	9 месяцев назад	3007	930	239,8 тыс	Кто ходит в гости, тот нарушает этикет
aNg53kEakilxEqLP	9 месяцев назад	309	167	20,3 тыс	Этикет на День учителя
aNhUdYcINV83UAnO	9 месяцев назад	119	16,3 тыс		Этикет курильщика
aM9GypCR_Ci2ZbHo	10 месяцев назад	550	255	12,5 тыс	Как выйти замуж за заботливого мужчину
aM838CoO-kAtCTJk	10 месяцев назад	100	22	2593	Этикет автомобилиста
aM_fUpCyWgqzN7LB	10 месяцев назад	826	127,4 тыс		Цветы в гостях
aMg8Vdmdgj9R5_nv	10 месяцев назад	405	339	22,3 тыс	Как воспитать мужчину, который дарит цветы
aM_eyMpaynMgrAxu	10 месяцев назад	21	207		Как не оставлять следы от помады
aM9C-BLhtTtOJR2l	10 месяцев назад	346	36	10,2 тыс	Этикет духов осенью
aMQrZE6IvwmdRix4	10 месяцев назад	1209	245	45,6 тыс	У тебя пахнет изо рта
aMQ52G-bZ120cxwC	10 месяцев назад	6743	2572	485,6 тыс	Смешная ошибка столового этикета
aMaPce_tkE1Uh1q5	10 месяцев назад	89	7246		Топ-10 ошибок застольного этикета
aLrGpo1p5ii7wMEK	10 месяцев назад	4884	942	386,2 тыс	Как «привет» может стоить карьеры
aMaLPbcyXECehiEH	10 месяцев назад	39	1384		Элегантность употребления алкоголя
aMQv8Ft5JBk2CJPR	10 месяцев назад	3218	857	243 тыс	Как украшения нарушают этикет
aLq9Jd02xG1uXQHi	10 месяцев назад	194	41	6498	Как попросить повышение зарплаты
aLrDSYLvKh5yAzBO	10 месяцев назад	2137	215	116,5 тыс	Дама здоровается первая! Как здороваться согласно светскому этикету
aLq7Fo1p5ii7sAmc	10 месяцев назад	1057	122	38,1 тыс	Куда положить зонт в ресторане
aLq-3ygkiCczQyYM	10 месяцев назад	4387	763	218,3 тыс	Почему самые воспитанные люди самые опасные
aKGumEIw0nnQuOSw	10 месяцев назад	1000	120	27,4 тыс	Зачем в лифте зеркало
aKIiFlHyoSx0U5q4	10 месяцев назад	1255	319	54,9 тыс	Когда нужно вернуть долг по этикету
aI4zf90k9U7dmYrW	10 месяцев назад	578	115	7286	Этикетный оборотень или иллюзия вежливости
aLRVfwxc3jP-UfsK	10 месяцев назад	168	21	1654	Мое 1 сентября
aKGl-KIEVkqnQM89	10 месяцев назад	1622	633	253,4 тыс	Столовый этикет в самолете
aKIfS0Iw0nnQNcID	11 месяцев назад	17,1 тыс	7577	1,09 млн	Разница между «есть» и «кушать»
aKGdGUlSNhw27dom	11 месяцев назад	98	42	1419	Ты так похудела - комплимент или упрек?
aKmrtCVzVgNyUY9Q	11 месяцев назад	212	90	5648	Как одеться на 1 сентября
aKIl3zJuW1FGZhyR	11 месяцев назад	1417	511	70 тыс	Часы как признак невежества
aJkdCkVX3VXl3kCh	11 месяцев назад	1014	267	20,6 тыс	Дресс-коды, которые к вам не относятся
aKGjzbE6LiM-DxII	11 месяцев назад	693	101	30,5 тыс	Манипуляция первым впечатлением
aKIj3LE6fxyx47Gd	11 месяцев назад	369	239	28,6 тыс	Как уволить человека
aJkZ6TqOu3f5Jul4	11 месяцев назад	13,7 тыс	2753	741,1 тыс	Этикет на даче у друзей
aJklqi0cxGuz0S68	11 месяцев назад	264	95	7038	Как пережить женскую истерику
aJkixMwcFFjiX9ey	11 месяцев назад	3083	277	109,1 тыс	Где заканчивается откровенность и начинается лицемерие
aI423VH60AALzsJ1	11 месяцев назад	916	96	14,8 тыс	У вас есть то, чем вы не пользуетесь
aI4mu9Hh4W0VcZYZ	11 месяцев назад	857	215	66 тыс	Как долго можно смотреть в глаза? Зрительный контакт и этикет
aI4ift4COW2QU4PU	11 месяцев назад	2397	316	92,6 тыс	Незаметные враги репутации
aITYzBV0I29gDq8r	11 месяцев назад	694	132	36,7 тыс	Этикет на шопинге
aI4wgFlCEHB7fmWZ	11 месяцев назад	506	92	27,3 тыс	Как сообщить плохие новости
aISzWkTD13y-6YP7	11 месяцев назад	1574	216	78,7 тыс	Как самооценка влияет на этикет
aIS3_WmIQEPJkzHP	11 месяцев назад	747	107	17,1 тыс	Фразы, которые лучше не говорить
aISpJRV0I29g3VF0	12 месяцев назад	863	236	33,7 тыс	Как не отравиться в ресторане
aIStE06kUSEAgfwc	12 месяцев назад	1053	449	78,9 тыс	Этикет в жару
aH1uBUqCAA5vw3AJ	12 месяцев назад	1959	239	101,5 тыс	Как правильно не согласиться с чужой точкой зрения
aH1pfW-SMG4KTrmB	1 год назад	950	362	58 тыс	Допускает ли этикет опоздания
aHPQQ7ELi3FWbX_U	1 год назад	1158	264	60,9 тыс	Этикет торжественных мероприятий
aEO33ugekVWmURPw	1 год назад	175	67	2050	Этикет летнего пикника
aFXNnpZ0UGsfLO7E	1 год назад	531	169	11,8 тыс	Как учить детей этикету
aHPLZ-8JvTLlA2z5	1 год назад	550	61	13,6 тыс	Фразы, которые мгновенно разрушают доверие
aHZakUatSB_zJ06u	1 год назад	494	329	45,9 тыс	Этикет на пляже
aHPZRSe4QxCt5JCp	1 год назад	1940	227	46,4 тыс	Что такое хорошие манеры?
aE5HtfDLok3ww7cp	1 год назад	137	41	3094	История этикета в России
aE5EmNroCVRen8fj	1 год назад	2308	299	112,4 тыс	Фразы, которые убивают диалог
aFXs_zdIa2BOn1ph	1 год назад	85	28	1349	Искусственный интеллект и этикет
aEi6LTNWKktBbbgY	1 год назад	519	243	24,2 тыс	Солнечные очки в помещении
aE46_uUHZQPLIVH8	1 год назад	972	361	94,2 тыс	Цифровой этикет реакций на сообщения
aFXwWASvfCNgH5JJ	1 год назад	1714	363	70,9 тыс	Как пить кофе по этикету
aE4-x2vEnjRyb1C4	1 год назад	553	117	18,5 тыс	Как реагировать на письма счастья
aDthfWEN6FVHnHFi	1 год назад	1826	715	113,3 тыс	Если вы ниже по рангу, должны ли вы мириться с хамством?
aEi2kWFLpQUCA70K	1 год назад	377	281	36,7 тыс	Можно ли фотографировать еду в ресторане
aEjAzGFLpQUCCB1z	1 год назад	160	20	2560	Ритуалы как инструмент доверия в деловом этикете
aEPB3troCVReoqkM	1 год назад	2357	559	84,5 тыс	Техника «серого камня» в современном этикете
aEO6cxKa1Fdi5JFE	1 год назад	1002	501	57,7 тыс	Как съесть яйцо красиво
aEi9PMeY7x8cLOQY	1 год назад	1928	828	133,8 тыс	Как реагировать на массовые открытки
aDtkEJXu6A9sDLtZ	1 год назад	159	90	2703	Как есть рис по этикету
aEOlMdroCVRekv3y	1 год назад	98	24	2215	Протокольные нюансы культурной программы больших форумов на примере ПМЭФ
aEOunmvEnjRy42Ta	1 год назад	36	7	2065	Культурная программа ПМЭФ: как совместить приятное с полезным
aDtTkNGUhFdf2rEN	1 год назад	2967	274	133,2 тыс	Три основных правила этикета
aEOfIM-N2naJ_uks	1 год назад	476	182	40,4 тыс	Деловой этикет на ПМЭФ
aDtB5hbcUUzbpN0q	1 год назад	2409	989	137 тыс	Как есть фрукты и ягоды по этикету
aEOxqjNWKktB3ZOn	1 год назад	164	35	2563	Секреты нетворкинга на ПМЭФ
aEHXAUP0ZXU0Uq1d	1 год назад	1218	251	44,8 тыс	Как «пустое» светское общение повышает статус на ПМЭФ: нейронаука small talk
aC3NAJWCpQUIeW7e	1 год назад	437	109	20,6 тыс	В чем разница между этикетом и протоколом?
aC3I5zBmR1QYN-Rt	1 год назад	1549	195	51,9 тыс	Ты душишь разговором
aCo2tZi9JEYVR313	1 год назад	1934	1247	157,9 тыс	Мисофония в этикете
aDtNSoDohHvAcPRg	1 год назад	4075	1361	177,2 тыс	Как есть мороженое по этикету
aCoxBaaFSU5k9MDJ	1 год назад	3770	1191	85,8 тыс	Лето раздевает, а мы теряем лицо?
aC9xDtly3yPbaJaf	1 год назад	135	36	1740	Как родился этикет
aCo4lFqIFFPwcd-Q	1 год назад	721	77	27,6 тыс	Эффект прожектора в этикете
aCozyO2vnQshNf4P	1 год назад	2684	512	252,1 тыс	Сколько ты зарабатываешь?
aCok4cSdLymkp6nI	1 год назад	11,7 тыс	1117	732,7 тыс	Как читать человека за секунды
aBy7Ncv_cxfGAgla	1 год назад	1985	152	33,7 тыс	Слово «ресторан» – это суп
aCAK5tVoZD8KR93Q	1 год назад	3089	441	134,9 тыс	Как испортить впечатление о себе
aAFm2FJ-U0WQgmQh	1 год назад	1224	276	73,1 тыс	Что сказать, если вас неправильно поняли
aBzfjsv_cxfGMrPS	1 год назад	716	60	20,4 тыс	Как быстро запомнить имя человека
aAFgFMBf-X8U4j5E	1 год назад	585	181	33,3 тыс	Как избежать навязывания чужого мнения
aByvczJ1WVJyOhlA	1 год назад	755	52	15,5 тыс	В семье не без урода
aAFhlZq3BF3_4vgA	1 год назад	311	59	13,4 тыс	Можно ли спорить и не выглядеть агрессивно?
aA0rqDSBNyhqTdFv	1 год назад	404	105	3090	Как есть яйца
aA0lnSBxCH3lNvli	1 год назад	2322	330	97,1 тыс	Как отвечать, когда вас пытаются пристыдить
aA0fwD_uRUdDRcEo	1 год назад	715	63	29,1 тыс	Можно не отвечать сразу? Вежливое игнорирование людей
aA65SXcn_2IUIt33	1 год назад	1872	727	45,9 тыс	Этикет на 9 мая
aBOavPV5_mqxwIrM	1 год назад	231	54	6292	Этикет памяти в Петербурге 9 Мая
aAFjWOHKpRTquCaz	1 год назад	685	84	15,9 тыс	Лучший способ испортить отношения: непрошенные советы
aAxaVD48oAugkUls	1 год назад	597	47	13,3 тыс	Вас слышат или слушают?
aA0iuyjcIiljjyjA	1 год назад	2047	290	67,4 тыс	Как узнать имя человека, если забыл
Z_rSheHKpRTqoO_C	1 год назад	230	44	3360	Как вежливо манипулировать этикетом
aAQbDiehhkkIrScp	1 год назад	390	156	22,7 тыс	Этикет против жвачки
aAfeKU8UST3R-uxu	1 год назад	291	65	4174	Этикет в самолете. Теперь наушники обязательны
aAFZhea1nlfrSn2D	1 год назад	879	433	88,9 тыс	Цифровой этикет
aAFdeKv95g6PNd_F	1 год назад	1288	130	31,7 тыс	Как складывать зонт
Z_f_bPZX4RbZVxX1	1 год назад	3933	1068	234 тыс	Как есть салаты по этикету
Z_KhHhSM5WEL7Zmz	1 год назад	552	177	19,1 тыс	Почему дорогие вещи не делают вас элегантнее
Z9dr7maPBXisyYZ0	1 год назад	2587	469	205,2 тыс	Что ответить, когда не знаешь, что сказать
Z-_8khBHBGpGXhRs	1 год назад	350	117	21,8 тыс	Как не говорить о работе
Z_KnR4nMEQaDGWXv	1 год назад	3026	199	177 тыс	Как уходить по-английски и прощаться по этикету
Z_Sjy-RnhX3Of-Fb	1 год назад	429	183	60,6 тыс	Воистину воскрес или воистину воскресе: разбор правильного употребления
Z_KpAxBHBGpG0I82	1 год назад	910	371	121,1 тыс	Как правильно ответить на неудобный вопрос
Z7eYOPP9pn5nDDiT	1 год назад	7974	1757	535,5 тыс	Как есть блины по этикету
Z7eKylGjWh0jIU1v	1 год назад	1169	167	52,6 тыс	Словесный шум
Z94do7fVhmB9S4jj	1 год назад	2749	235	89,6 тыс	Как элегантно пресекать манипуляции
Z9JFt_OdDzOAaaBn	1 год назад	2107	405	95,1 тыс	Что о вас говорит ваш кофе
Z94arjEUuUMFwB8e	1 год назад	15 тыс	1880	459,2 тыс	Тихая роскошь поведения
Z94If0cB3gepApie	1 год назад	2427	603	196,6 тыс	Как отвечать, когда вас критикуют
Z-AU8dtjdTLJvKWy	1 год назад	89	10	1082	Как научиться есть при помощи ножа
Z9dpkIS0LXVzGzQc	1 год назад	293	156	32,7 тыс	Как поддерживать правильный small talk в машине
Z9JCVIj0gQJtFddn	1 год назад	3318	1331	153,6 тыс	Быть или не быть онлайн
Z9x-9CmvqWd1WeHz	1 год назад	1700	612	109,1 тыс	Как общаться с официантом
Z9dkG9EcFH6uBjm7	1 год назад	251	109	12,4 тыс	Вы точно говорите по-русски?
Z9dminlb3gwacQkX	1 год назад	690	600	24,8 тыс	Как вести себя в метро, чтобы вас не ненавидели
Z7ecWABGAHo5HbI_	1 год назад	315	23	18 тыс	Как не украсть чужую историю
Z8xaRG12XFn0oRYG	1 год назад	257	47	6977	Загадочная кофейная банка
Z8cxXfRADHU0xMTR	1 год назад	1442	834	96,7 тыс	Как начать раздражать человека по переписке
Z8xVDRzbtRZAtiPP	1 год назад	167	27	2727	Фотографироваться в неподходящих местах
Z7A3KKWQm3HKpoIJ	1 год назад	2653	1023	556 тыс	Цветы в горшках дарить нельзя
Z7eSRYPcBH6hRM44	1 год назад	659	1119	76,4 тыс	Чаевые – всем!
Z8ctsCBe3khHIHeo	1 год назад	292	176	28,6 тыс	Что подарить на 8 марта?
Z7mgyhtdjTyuKmSc	1 год назад	596	271	26,9 тыс	Лопатка для паштета
Z8E5QVhrTUqe3JhH	1 год назад	1626	361	78,4 тыс	Оттопыренный мизинец: признак аристократизма или дурного тона?
Z6xC3c9NjEPC4xN2	1 год назад	1758	297	124,6 тыс	Стучать в дверь нельзя
Z6OyL4mhb1cEzYYM	1 год назад	524	287	60,1 тыс	Как правильно есть палочками
Z7tEsctkVQudGflt	1 год назад	4479	591	199,3 тыс	Локти на столе
Z7mT0wE1CT3qNjd-	1 год назад	285	36	2488	Что такое манш-а-жиго
Z6O7M4mhb1cE3SwE	1 год назад	4068	1330	274,7 тыс	Как реагировать на обидные комплименты
Z7DsrQ5rRkwkENO0	1 год назад	500	72	69,9 тыс	Цветы мужчинам?
Z7DwseujqzCD7sSF	1 год назад	196	110	22,4 тыс	Что подарить на 23 февраля?
Z7A9Y6WQm3HKrfmP	1 год назад	523	173	15,4 тыс	Телефон интереснее, чем люди
Z6OxVPo332dMeHSu	1 год назад	153	167	9264	Как пережить День всех влюбленных
Z6O3aMB7RE8yu28g	1 год назад	1778	74	61,3 тыс	Бонбоньерка
Z6Oxpomhb1cEzI6Y	1 год назад	1001	381	76,2 тыс	Как элегантно расстаться
Z6PCBJLY9gmVlbdL	1 год назад	692	51	31,8 тыс	Комплементы или комплименты?
Z6OxEwIiWnDkXJ74	1 год назад	12,1 тыс	4129	905,6 тыс	Этикет в ресторане
Z55S23nk6D19W0eY	1 год назад	651	197	23 тыс	Вилка для сардин
Z4uaFhxRxmc91n8c	1 год назад	7173	1164	436,5 тыс	Как общаться с неприятными людьми
Z5PpNrK-phporgr7	1 год назад	1883	728	177,2 тыс	Сколько я зарабатываю
Z5PIKeTgFkCJlj6-	1 год назад	1442	206	58,2 тыс	Как элегантно выйти из спора
Z5cxKc-9tHm-pTny	1 год назад	86	9	1005	Этикет китайского Нового года
Z40rsknbyVf3LR4f	1 год назад	10,1 тыс	6166	272,2 тыс	Кофе с собой – моветон?
Z5ObH2oDZST26mBm	1 год назад	2535	477	113,4 тыс	Темы для светских бесед
Z3ve87lrEhpKe9_9	1 год назад	1213	832	62,8 тыс	Как есть пышки по этикету
Z4uXZ_KVx0URm_i0	1 год назад	616	142	32,9 тыс	Вилка для огурцов
Z40q5Y4zNwus4cmk	1 год назад	1663	363	103,2 тыс	Я никогда не извиняюсь
Z3ag57if0UNN4zmA	1 год назад	1289	670	113,8 тыс	Как не испортить воздух
Z2r4d_QFuQtS7PvO	1 год назад	2092	1278	116,3 тыс	Как есть суп
Z4IzRMpQVTHBXyhl	1 год назад	513	271	32,1 тыс	Как целоваться в публичном месте
Z3v_lblrEhpKsMe9	1 год назад	2138	1574	238 тыс	Как попросить вернуть обратно контейнер от салата
Z3vbD3TG7C6KLMgi	1 год назад	1084	942	93,2 тыс	Как есть бутерброд с икрой
Z3aa50yCBlpnxhOo	1 год назад	72	26	1378	Этикет на каникулах
Z3Zd7LhX2nhGYAe9	1 год назад	417	44	15,7 тыс	Как не опозориться с новогодним тостом
Z2hzQf8ZzB09OMlI	1 год назад	180	67	2724	Не ешьте прошлогодние салаты
Z213jQeLSke0OMSc	1 год назад	1057	1037	85,4 тыс	Как реагировать, если подарок не понравился
Z1XDVBB-9zGWQzu4	1 год назад	1474	777	80,4 тыс	Как реагировать на токсичные комментарии
Z1XOUAdp_CbKMBFI	1 год назад	716	257	61 тыс	В чем разница: шампанское и игристое?
Z1XPiAf4Ik1Bg8C8	1 год назад	254	99	19,7 тыс	Новогодний стол как в ресторане
Z11m59OmClbKQMXf	1 год назад	626	105	41 тыс	Как королевская семья придумывает традиции
Z1tQluSbzWXX3l8L	1 год назад	537	146	31,4 тыс	Как не опозориться на корпоративе
Z11ud2pVGWq9qUws	1 год назад	458	580	43,1 тыс	Вы неправильно едите оливье
Z1tQPtj7Yl2B05Ec	1 год назад	767	546	58,7 тыс	Как обидеть подарком
Z1hqip62BiwF2mHG	1 год назад	337	131	21,5 тыс	Елочная игрушка: подарок или конфликт?
Z1XBsqigQUaRs34M	1 год назад	971	155	43,9 тыс	Топ-10 подарков по этикету
Z0zcipmzICwfLd8k	1 год назад	4724	409	186,5 тыс	Не все знают для чего нужна салфетка
Z0zIEhJg5khkazwY	1 год назад	710	93	27,4 тыс	Хрустальный этикет
Z0zeoekD-27RMG2v	1 год назад	1163	123	69,4 тыс	Самая бедная королевская семья в мире
Z0ieIqNFhAkvyr6n	1 год назад	554	40	13,3 тыс	Порт-куто – что это?
Z0XxjVYwzFje5c2o	1 год назад	19	400		Гарри Поттер в Китае
Z0GK6bubNBebWZ0y	1 год назад	60	6	1518	Пленница этикета: Королева Ирана, кинозвезда, селебрити
Zzpae3My3kdHJmwY	1 год назад	767	90	17,9 тыс	Я поняла в чем ваша проблема
Zy-tN3KK1268KU2J	1 год назад	3598	1014	233,8 тыс	Как реагировать на оскорбления
Zy-s0JM8zzfw8HQe	1 год назад	1161	277	44,6 тыс	Зачем нужен столовый этикет?
ZzXdoj0CMA1HJUkt	1 год назад	210	51	18,7 тыс	Еще одна история Золушки. Королевский этикет
Zy-utRlfFGBQFGjy	1 год назад	893	785	87,5 тыс	Как реагировать на крики начальства
Zy-o51wCB1j5hrrF	1 год назад	667	292	28,3 тыс	Шеф, этикет!
ZyoW41Ogk1cf3t5S	1 год назад	1404	272	55,8 тыс	Вы неправильно пьете чай
ZyoPtdETZUjxNdzr	1 год назад	478	140	45 тыс	Что делать, когда вас игнорируют по телефону
Zyh9jLCKuDTdw7wQ	1 год назад	2251	120	112,1 тыс	Тайный язык королевского этикета
ZyStkfMhTRKjD2Q-	1 год назад	778	136	34,3 тыс	Качества, которые раздражают
ZyJJFUDnClrExt6c	1 год назад	114	180	4541	Если вы отмечаете Хэллоуин, значит вы вор
Zx26OgE1_gZ0Ez0z	1 год назад	955	315	105,5 тыс	Как правильно звонить в домофон?
ZxoXgwD_hXfHWphs	1 год назад	396	51	14,7 тыс	Ошибки, которые чуть не стоили мне карьеры
ZxiXLmzTfRcRPW9T	1 год назад	440	897	71,1 тыс	Оставить чаевые – ваша обязанность
ZxIab3AqEDWFIj6B	1 год назад	2250	1653	238,2 тыс	Как обратиться к человеку, чтобы начать его раздражать
Zw7HoFUdBRQCjFVO	1 год назад	26	3	270	Ярмарка «Светский винтаж»: лекция «Симбиоз делового и светского этикета»
Zw0JX5lmJ0hMz_ZB	1 год назад	748	125	62,3 тыс	Как правильно держать бокал
ZwjnslUdBRQCHrrY	1 год назад	26	2	312	Лекция «Роль имиджа и этикета в международных отношениях» в МГЛУ
ZwZmKBT23Q0Wnt-2	1 год назад	1196	92	45 тыс	Как вести себя на встрече с незнакомыми людьми?
ZwOdRzlrmhABavL8	1 год назад	26	4	390	Лекция «Роль имиджа и этикета в международных отношениях» в РГГУ
Zv-kfTbM3zpM3s97	1 год назад	64	15	1835	В кафе работают не только официанты
Zvpa4gbsKxOeyE9n	1 год назад	61	8	2162	Фестиваль «Крошево»
ZvPplns2aXhy6lgE	1 год назад	2021	411	152,1 тыс	Как реагировать на грубость
ZvEpGqGtNSu6eHKM	1 год назад	59	6	2289	Этикет на высшем уровне. Секреты протокола на высокой неделе ООН
Zu1EU1dtXgR-wKlC	1 год назад	1280	231	92,2 тыс	Как правильно пользоваться салфеткой в ресторане
ZuqQBQ4CoQY75XKj	1 год назад	312	24	27,6 тыс	Оденусь как король
Zuf2v4GBwQPWVFhc	1 год назад	117	37	5748	Косметику нельзя дарить по этикету: как выбрать уместный подарок для близких
ZuQuj1oIHxfVOdcc	1 год назад	1069	223	61,7 тыс	Как вежливо отказать по телефону?
ZuGgXx33LH3Wgu9O	1 год назад	1055	323	124,8 тыс	Фразы для провокации конфликта
Zt638YPwYEy72g4D	1 год назад	525	95	16,3 тыс	– Ешь быстрее!
Ztrhp4LZNkNahnMr	1 год назад	29	9	547	Осенние традиции: от капустников до «КРОШЕВО»
ZtgyMxYndBgTygaX	1 год назад	26	2	258	Иностранные языки в деловом этикете и протоколе
ZtVcCsFGvAP5b3wX	1 год назад	962	115	36 тыс	Как носить шляпы: тонкости этикета ношения шляп
ZtDIq8w7p2kOoGg-	1 год назад	84	14	3584	Как мир встречает 1 сентября: интересные традиции и этикет
Zs43MjPF8ySFzyJ-	1 год назад	73	14	11,1 тыс	Этикет 1 сентября: искусство достойного старта учебного года
ZssU2KxLexxN8Eqc	1 год назад	1003	104	14,2 тыс	Вилка для лимона: этикет и традиции
ZsctEEDmBm9AxgDN	1 год назад	29	6	249	Пресс-тур с Levrana: Как натуральная косметика вдохновляет на заботу о культуре и природе
ZsTPht8rgQzErgGx	1 год назад	74	26	1216	Мужской маникюр: что ваши руки говорят о вас
ZsMQjWGtiUqZ-frm	1 год назад	509	100	59,4 тыс	Маникюр по этикету
ZsBLnTwmW2iwIxOt	1 год назад	40	10	1030	Вилка для улиток: как изящный инструмент завоевал сердца гурманов
ZrxuXIuSq2_Tg4i-	1 год назад	26	1	719	Олимпиада и спортивный этикет
ZrnLEJK2djNvuoUZ	1 год назад	135	23	6065	Этикет подарков в международной деловой среде
Zrc7EC2iBCnoSJS_	1 год назад	273	86	6713	Что мы не сможем найти в вашей дамской сумке?
ZrSHyQ6RZx5aAZDx	1 год назад	700	84	19,7 тыс	Загадочный кодлер: элегантный способ приготовления яиц
ZrHUE4OcjXpUNOHf	1 год назад	701	642	73,8 тыс	Фильм «Служебный роман» с точки зрения этикета
Zq8qgQVC8FJ66FE3	1 год назад	1180	143	61 тыс	Как правильно носить «королеву в мире украшений»: этикет брошей
ZqykNVfnvFt77YhR	1 год назад	68	126	19,4 тыс	Топ 5 правил каршеринга
ZqoK6LmlKhPAJZnB	1 год назад	885	162	21,5 тыс	Овсянку нужно есть с салфеткой на голове
ZqdfONOlRSPV0NOC	1 год назад	282	53	14,1 тыс	Этикет в сказке «Спящая красавица»
ZqSyzbpeixpGK-yR	1 год назад	370	157	29,1 тыс	До сих пор носите наушники неправильно?
ZqE7dBORpBFV4eAA	2 года назад	4253	2684	370,2 тыс	Хлопайте в конце полета: этикет в самолете
Zp7GBKoQxHONYRQj	2 года назад	494	118	45,7 тыс	Вы неправильно носите солнцезащитные очки
ZpzZvfEdIBySNTRE	2 года назад	549	50	8526	Не Диор!
Zpov8V3lYm7d_mxe	2 года назад	73	7	2233	Как имидж и этикет открывают двери к успеху: выступление на XII Всероссийском съезде советов молодых ученых и студенческих научных обществ
Zpa7meSn8l8J3Vpx	2 года назад	224	127	21,7 тыс	Этикет в сказке «Золушка»
ZpTnIIY6mHfzUkIk	2 года назад	1729	729	276,3 тыс	Почему вы носите часы не на той руке?
ZpJJwmIG1H1HAFqM	2 года назад	45	3	575	Столовый бутерброд и российское производство тканей
Zo7h7HaPwXtlVjfy	2 года назад	405	206	16,8 тыс	А вы леди?
Zozpn1l6uylfT22f	2 года назад	727	692	236,8 тыс	Самая главная ошибка после встречи: а вы отправляете фоллоу-ап?
ZokJ2b8ACxEjbvFC	2 года назад	320	60	9230	Ножницы для винограда на вашем столе
ZoeWmOQZJkq05K-5	2 года назад	20	1	71	Лекция в Российском культурном центре в Пекине
ZoPiJ2LSGgtbFyIY	2 года назад	1336	161	43,3 тыс	Элегантный и практичный столовый прибор, о котором часто забывают: десертная вилка
ZoJUZeQZJkq08GoS	2 года назад	431	103	11,1 тыс	Когда благоухание превращается в зловоние
Zn-8Kv17Yx5ExHS4	2 года назад	26	11	301	Сенсорный сад: уникальная коллаборация компании Levrana с Ботаническим садом Петра Великого
ZnxBOppUSAH2KEV1	2 года назад	752	106	32,6 тыс	Какие туфли выбрать?
ZnpnJJ12aB35xuDw	2 года назад	331	89	29,6 тыс	Трендовый офисный стиль: почему цветные носки стали must-have аксессуаром в деловой среде
Znad0cRGOHBll3mm	2 года назад	169	68	5145	Не включайте музыку без разрешения
ZnKjUIZ-oAAJ-TKz	2 года назад	1033	541	180,6 тыс	Пожимать ли женщине руку? Частые ошибки в рукопожатиях
ZnKfL504cnwPWHUi	2 года назад	3535	639	556,7 тыс	Как предмет бедности стал признаком роскоши в современном мире? Ретроспектива столового этикета
Zm5YZGtXd1ut1OSa	2 года назад	149	9	1280	Берегите природу, Мать Вашу
ZmwG6FjWxGthE_Sq	2 года назад	30	5	456	Путешествие без границ: как избежать культурных неловкостей
ZmjjyQyiVydZG6p4	2 года назад	427	42	29,5 тыс	Сутулость - признак лузерства. Мотивация к тому, чтобы расправить плечи.
Zma9fQtRFmZIG_sm	2 года назад	75	4	767	Великолепно, легко и доступно.
ZmQaZbIFAG14wDUT	2 года назад	738	69	25,7 тыс	Семейный этикет: искусство взаимоотношений
ZmFg165bwxLlhcdF	2 года назад	100	6	819	Вы знаете, кому это переслать!
Zl7Sn0-31m9GNNZT	2 года назад	359	75	43,6 тыс	Как снизить волнение перед выступлением?
ZluzPw0mTUKn6XEQ	2 года назад	72	6	1483	Восемь книг по этикету
ZlkKWY-PWHrY862_	2 года назад	96	9	666	Заработала свой первый миллион обучая детей этикету
ZlbhkV_CZgG8p3Tx	2 года назад	129	8	12,1 тыс	Нижнее белье для лета
ZlRFiwEoKkUXcc4o	2 года назад	1488	775	95,9 тыс	Почти никто не умеет есть макароны
ZlFEj1_CZgG8EMj3	2 года назад	259	11	2226	Все ли в мире так, как нам кажется?
Zk7dA78MlAuZYkNl	2 года назад	610	434	75,8 тыс	Кто же платит в ресторане?
ZkxRamNUgiRP39Sg	2 года назад	32	4	1482	Пришли гости и вы не знаете кого с кем сажать?
Zkkc1CLOKUVZ0yJ0	2 года назад	15,3 тыс	5560	895,9 тыс	Откусывать хлеб - дурной тон
Zkb5VtF-E1_W-bCW	2 года назад	31	39	293	Дайте мне, пожалуйста, совет: на какие еще темы вы бы хотели читать статьи?
ZkR7jOc0OXOb3jQt	2 года назад	137	30	3302	Как этикет может изменить будущее наших детей: Открытие новых горизонтов.
ZkHAKwNX-SOn_Ib8	2 года назад	25	4	572	Цветами можно договориться о встрече или рассказать о чувствах. Вы бы хотели возродить таинственный язык цветов?
Zj8r55e3YmSHEWiL	2 года назад	309	96	15,7 тыс	В чем различие между коричневым и белым сахаром?
ZjyIdmiqvjmcb-y5	2 года назад	470	25	19,1 тыс	Три простых шага для создания первого впечатления
ZjnrIp9mnDDDVQxR	2 года назад	122	13	2890	Спорим, у вас есть паразиты?
Zjc7ng4VRhAnlER8	2 года назад	58	19	874	Кто заставил кролика нести яйца?
ZjNo5RkUjngh_inJ	2 года назад	727	204	31,8 тыс	Вы не будете против, если мы будем на ты?
ZjENyHBEx0vukXZ0	2 года назад	18	2	117	Завоевание видео-эфира
Zi9T4OsiNgQP72NL	2 года назад	391	92	18,1 тыс	Путеводитель по элегантному Петербургу
Ziy_ZzHqzjpZen9q	2 года назад	352	161	34,6 тыс	Как не стать жертвой хамского обращения в салоне красоты?
ZioaccgI0nd3MGWm	2 года назад	5159	1051	321,5 тыс	Испытанием этикета может стать элементарный подъем по лестнице
ZiddRynCBHoXqcFP	2 года назад	157	26	2197	Зависит ли элегантность от денег?
ZiSyMsuxWlcCkwoN	2 года назад	241	79	14,2 тыс	Предлагаю вам мой личный адрес электронной почты
ZiJQqqwCGhePW6lT	2 года назад	52	2	988	Решили снять стресс - не создавайте его другим
Zh752nEgS1FmsKcD	2 года назад	230	44	3300	Этикет общения с персоналом
ZhwO8Ru5WlGdeemK	2 года назад	29	7	882	Порой я задаюсь вопросом: «Почему я не пошла преподавать химию или физику?»
Zhmcx7LEd3GbUtMV	2 года назад	3822	933	265,2 тыс	Этикет употребления супов: как правильно есть суп?
ZheaZddwmWzpSzVy	2 года назад	82	6	1094	Small Talk. Искусство непринужденной беседы в Различных Культурах
ZhUFa_wttFu4I7N6	2 года назад	81	6	1352	Экологический этикет: Как вести себя уважительно к природе
ZhHp1Jx-LSQHQZNc	2 года назад	211	9	6588	Почему от меня это скрывали все эти годы?
Zg_OO7TdEHHWd2-M	2 года назад	58	1	713	Многогранный этикет Китая
Zgy3NrJkwGUsQaKj	2 года назад	363	204	10,5 тыс	Одиночество в ресторане: исторический путь от строгости к свободе
Zgp2pp1HyTFURY4a	2 года назад	379	159	17,4 тыс	Этикет подземелья
ZgdRd86kZl_V0Z2p	2 года назад	521	20	8427	Искусство речевых клише: важность вежливых фраз в современном общении
ZgSz6XXRUAuqUo8i	2 года назад	859	200	37,8 тыс	Этикет в лифте: правила вежливости в вертикальном пространстве
ZgKRAyKqByS1ACW2	2 года назад	1135	666	157,9 тыс	Незнание не освобождает от неловких ситуаций
Zf_vUGN6eRMyXir9	2 года назад	63	5	1442	Деловой имидж мужчины и женщины. Из чего он состоит?
Zf1JrMozQTDjZz9l	2 года назад	47	2	508	Лекция в столице Китая «От делового до элегантного: один шаг».
Zfn9HutWXlEE0Q3W	2 года назад	32	3	284	Как вести себя культурно среди книг - правила этикета в библиотеке
ZfdRnR2Y4Qmj1iq3	2 года назад	154	4	6278	Мастерство представления: ключи к элегантному знакомству
ZfN1KNC2Hniyu6MF	2 года назад	21	1	232	Проект «Образ будущего» или возрождение культурного кода России.
Ze-Xq4vb_0qKEvAO	2 года назад	38	5	481	Где чай появился первым: в Великобритании или России?
Ze-OhihxTFMR6iTa	2 года назад	17	97		За неделю я приняла участие в пяти разных сюжетах для телеканалов
Ze1uDAFJ2HLvDN3Z	2 года назад	70	11	1726	Искусство общения в общих чатах
ZerpQgBQmC8H5sYw	2 года назад	32	2	263	Как этикет относится к макияжу?
ZeeoVHcAeG-Y20Bp	2 года назад	583	106	23,8 тыс	Электронные открытки — новая волна праздничного спама.
ZeWJq-Evkg00HKjH	2 года назад	35	5	1461	Приветствие на разных языках России: как сказать "доброе утро"?
ZeLlsiuLE3-vcNnL	2 года назад	208	100	19,9 тыс	Что НЕ подарить на 8 марта?
ZeB_9zBX2D_zJmCC	2 года назад	29	1	220	Фудмаркет - многонациональный язык, доступный каждому.
Zd2-BktrLyVv4EjD	2 года назад	45	1	3273	Как путешествовать в любой уголок мира, не выезжая из родного города?
ZdsN51aa7nu0AQCm	2 года назад	39	2	227	Несколько дней назад я провела лекцию по этикету в школе в центре Санкт-Петербурга.
Zdhrb9KxYD-YrU1M	2 года назад	110	6	2147	Английская традиция чайной церемонии. Afternoon tea.
ZdWp4RXjXn3HoQMN	2 года назад	2009	468	124 тыс	Неочевидные правила ресторанного этикета
ZdMW8rWdeVBybMym	2 года назад	46	1	369	Вандализм на памятниках. Разрушить может каждый, а заслужить - единицы.
ZdB4TbWdeVBy7T5o	2 года назад	40	7	387	Цветы мужчинам: да или нет? Да!
Zc3QDQlgaiwI-0G3	2 года назад	169	12	3719	Этикет - панацея от неуверенности в действиях
ZcscJ9sf1l4yaWGP	2 года назад	133	12	2803	Оскорблять нельзя идеализировать. А вы правильно ставите запятую, когда делаете комплимент?
ZcftEucQWAXxAdmL	2 года назад	41	9	763	Вы пробовали жить без телефона? Через сколько часов вы сорвётесь?
ZcX7QQlgaiwIzBad	2 года назад	33	5	476	Супермаркет - место для выяснения отношений или приятных покупок?
ZcM8iQ8BWCImyIXA	2 года назад	188	58	7385	Если друг отписался вдруг…
ZcB8ukXZahL9_aLn	2 года назад	16,3 тыс	2951	1,13 млн	Как красиво ответить, если вам хамят в лицо?
Zb309P8JSXHwoQM4	2 года назад	64	17	6004	Как быть, если по понедельникам рабочий е-мейл трещит по швам от писем?
Zbtd-xaM31w5fJkg	2 года назад	60	4	572	Bonjour! Французская не местная булочка, которая завоевала сердце не только Парижа
Zbipot2zTgRUYOQ0	2 года назад	161	14	12,4 тыс	8 книг по этикету, которые сделают вас любимым собеседником или желанным партнёром по бизнесу.
ZbPH6PokDF5hNLYt	2 года назад	104	7	864	Современный человек. Какой он? Социальный проект «Образ Будущего»
ZbNbEKTwtSEEPePY	2 года назад	71	15	1021	Этикет мороженого. Что общего у фруктов и снега?
ZbDO1MXrG03BU7Yu	2 года назад	33	10	343	Как путешествовать с животными. Правила проезда в поезде
Za4hEmEu_EHIpjWH	2 года назад	284	120	30,5 тыс	Тональник должен остаться на лице. Этикет в магазине вещей
Zap9Ol1Dd3_8mQS9	2 года назад	93	6	874	Этикет как волшебная таблетка от эгоизма
ZagafDNa9UtLQ9oq	2 года назад	49	7	504	Сладкая кукуруза, с днём рождения!
ZaWMSeCTZwc0RV5J	2 года назад	42	3	449	Социально-образовательный проект «Образ будущего»
ZaOO_kSr5TXhPpBd	2 года назад	5769	916	345,8 тыс	Траурный этикет. О чём сложно говорить, но нужно знать каждому
ZaDf2tmfZQykKnpS	2 года назад	69	5	2263	Закрой глаза и загадай желание!
ZZ0FxbKW-FNj_u6t	2 года назад	2237	318	123,8 тыс	Как стать лучшим гостем на чужом дне рождения
ZZuwKyoEzhElfik4	2 года назад	844	300	62,3 тыс	«Вот зачем нужен этикет», - подумала я, когда лакей подал зеленый горошек, который с изумлением изучали все гости.
ZZkO78dnvmENr7mR	2 года назад	29	1	381	Этикет в фотостудии
ZZZu6-s1ch7LhXDA	2 года назад	31	4	1471	Ходить по лезвию: правила поведения на общественных катках
ZZPbmh-CNhTTJFJh	2 года назад	55	3	407	Золушка потеряла туфельку, а я - тиару. Бал на корабле в канун Нового года
ZZCWUZVQmy2ERYaB	2 года назад	34	12	506	А вы знали, что до 1699 года Новый год в России отмечали в сентябре? Именно в этом году Пётр I объявил о новом летоисчислении.
ZY6CtS61wRuWdrlr	2 года назад	1111	261	97,3 тыс	Как быть зайцем на алкогольном вечере?
ZYtG6r_25nM2YZ57	2 года назад	18	62		Файер шоу на вашем балконе. Как не остаться без окон в январе
ZYlu8znG4kyLSkWO	2 года назад	13	8	44	События трёхсотлетней давности на совместном экране. Премьера киноленты о царе Петре I
ZYXYAEHWu2wkVS6k	2 года назад	23	8	219	Возродить традиции русского застолья легко, когда есть Багетная мастерская
ZYMSsC3ys2g5JH0S	2 года назад	18	3	160	Новогодняя экскурсия на Ленфильме и мастер-класс по гриму. Про кинематограф с обратной стороны экрана.
ZYFcqGmshgicfRpi	2 года назад	403	81	23,8 тыс	Пустая беседа или искусство непринуждённого диалога?
ZX6xGoO0uVmGQmkg	2 года назад	190	18	13,3 тыс	Винтажные подарки – штучный товар для ценителей
ZXwMzGq6Wy12vvG9	2 года назад	25	2	290	Ярмарки в уходящем году: куда стоит сходить в декабре в Санкт-Петербурге?
ZXl88dU26CLndoJd	2 года назад	255	250	33 тыс	Как сохранить лицо во время корпоратива?
ZXcw022-axk464D_	2 года назад	616	104	39,5 тыс	Правила использования тестеров в магазинах косметики
ZXR8AU8DBCV9m3RI	2 года назад	1953	504	62,2 тыс	Как вести себя в театре? Правила культуры поведения
ZXHKF7UrMW9C2v4U	2 года назад	56	3	436	Ответы на вопросы: часть 2
ZW9R5bfFXy5oAECg	2 года назад	1515	411	65,8 тыс	Давайте перейдём на «ты». Речевой этикет в общении с незнакомыми людьми.
ZWyTo5iU63hAw0QB	2 года назад	93	10	21,6 тыс	Корпоративные подарки: что уместно дарить на работе?
ZWoEc_h8qlPTEcU_	2 года назад	335	75	17,6 тыс	Передарить подарок - дурной тон?
ZWc42ojP_HqPGmDz	2 года назад	15	1	102	Знакомство со скульптурой и кино ХХ века. Последние дни, чтобы посетить выставку "Сопряжение форм"
ZWReqoTvGXaQP1pe	2 года назад	1171	625	99,4 тыс	Что делать, если запах коллеги душит?
ZWGt5WXBFlAUs2nB	2 года назад	60	2	647	Цифровой этикет: как сохранить репутацию в социальной сети?
ZV9lMqrTrBjTKjLM	2 года назад	21	108		Этикет на распродаже. Как пережить чёрную пятницу?
ZVxXnIp0BhZlrH4X	2 года назад	1237	197	77,1 тыс	Как разрешить конфликт, которого вы не хотите?
ZVkiB2Xi_AVw21Do	2 года назад	69	5	859	Ответы на вопросы: часть 1
ZVdrnB4b0UGtH83c	2 года назад	112	20	4004	Что этикет думает про жевательную резинку?
ZVTnHjs_Ry41GtaA	2 года назад	30	3	225	Лекция "Образ Будущего": Этикет для молодых джентльменов
ZVEIKxHuJl5skD-c	2 года назад	37	2	1410	Новый год: что дарить?
ZU9t7O9h1nQUNQu4	2 года назад	1259	284	70,9 тыс	Этикет в поезде: комфортное пространство для всех пассажиров
ZUzzpl-9sGcz3nje	2 года назад	39	4	287	Воссоздание эпохи: моя работа на Красной площади
ZUpK44i9pgythuZP	2 года назад	31	1	237	Бранч-фуршет
ZUe7RLjcrnOonToj	2 года назад	25	1	834	Новая подиумная коллекция российского бренда USHATÁVA
ZUUIw6WvSjgM1IbY	2 года назад	38	1	1902	Этикет переписки в групповых рабочих чатах
ZUISO0WLFD_C06ii	2 года назад	915	44	57,1 тыс	Тонкости невербального общения: Положение рук
ZT-Xyt-WbHVwQee4	2 года назад	72	5	1951	Красная помада в деловом макияже
ZTymtmoGNFyGByr6	2 года назад	38	5	326	Этикет и деловой имидж: уроки для будущего
ZTPsA9--0VIulLlK	2 года назад	418	63	30,6 тыс	10 жестов и их значения в разных странах
ZTbboaweryGSdG8T	2 года назад	96	4	2720	Чайный этикет
ZTQOo-gjh2c_qysc	2 года назад	218	43	21,7 тыс	Вежливое «Нет»: как отказать и не разрушить рабочие отношения
ZTJIZEJgOHSqoxOe	2 года назад	34	3	4820	Этикет в начальной школе. Практика и теория. Интервью с учителем из школы Нижнего Новгорода.
ZTAEKAlmuCequd0S	2 года назад	14	185		Как подготовиться к интервью
ZS6rEmu_lQLQePbz	2 года назад	56	11	7552	Интервью с педагогом из города Ростов-на-Дону о школьном этикете
ZS2OZINlVBw5qvWH	2 года назад	166	14	5359	Этикет под зонтом
ZSqpa1pwRk-hBt5O	2 года назад	2222	134	90,5 тыс	Как правильно сидеть даме по этикету: 3 лучших варианта
ZSfX80KyEit1Hw2g	2 года назад	334	63	21,1 тыс	Эмоциональное равновесие: как справляться с грубостью и сохранять спокойствие
ZSUXVcCVuEEaxnY6	2 года назад	124	28	11,2 тыс	Шпаргалка: Как ответить на вакансию и произвести впечатление
ZOCNnaXwyTGpJj0E	2 года назад	100	14	709	Этикет в музее: Путеводитель по уважительному взаимодействию с искусством
ZNx7Cl16MWg_meLz	2 года назад	118	4	4757	Управление стрессом на рабочем месте: практические советы
ZNNuqsCSgDkNHb57	2 года назад	278	21	11,7 тыс	Страх или безответственность?
ZNJuQS9ZqzJj_t6k	2 года назад	75	1	450	Этикет: ваш личный компас
ZHIC6waGNyaCwI8Q	3 года назад	163	13	9454	Формальный и неформальный деловой дресс-код
ZEOawGGV9jwujyP4	3 года назад	183	3	1739	Этот лайфхак столового этикета всегда в ваших руках
ZCv52ahnwGKCjhtE	3 года назад	1029	86	22,8 тыс	Сервировка стола
ZCKRmMm4t34He5vg	3 года назад	26	2	215	Моя удачная борьба со стрессом